,D_X,D_Y,N_components,MCG_DIFF,DDRM,DPS,RNVP,MCG_DIFF_num,DDRM_num,DPS_num,RNVP_num
0,8,1,25,1.43 ± 0.55,5.88 ± 1.16,4.86 ± 1.01,9.43 ± 0.99,1.433,5.881,4.862,9.433
1,8,2,25,0.49 ± 0.24,5.20 ± 1.32,5.79 ± 1.96,8.93 ± 1.29,0.491,5.199,5.790,8.932
2,8,4,25,0.38 ± 0.25,2.51 ± 1.29,3.48 ± 1.52,6.71 ± 1.54,0.381,2.505,3.484,6.706
3,80,1,25,1.39 ± 0.45,5.64 ± 1.10,4.98 ± 1.14,6.86 ± 0.88,1.391,5.636,4.983,6.861
4,80,2,25,0.67 ± 0.24,7.07 ± 1.35,5.10 ± 1.23,7.79 ± 1.50,0.666,7.069,5.101,7.786
5,80,4,25,0.28 ± 0.14,7.81 ± 1.48,4.28 ± 1.26,7.95 ± 1.61,0.283,7.811,4.276,7.947
6,800,1,25,2.40 ± 1.00,7.44 ± 1.15,6.49 ± 1.16,7.74 ± 1.34,2.396,7.435,6.494,7.743
7,800,2,25,1.31 ± 0.60,8.95 ± 1.12,6.88 ± 1.01,8.75 ± 1.02,1.312,8.946,6.883,8.752
8,800,4,25,0.47 ± 0.19,8.39 ± 1.48,5.51 ± 1.18,7.81 ± 1.63,0.468,8.392,5.505,7.805
